total_orders,buy_orders,sell_orders,holdings_count,avg_trade_size,concentration,trades_last_7_days,avg_recent_trade_size,risk_profile
1,1,0,1,35000.0,1.0,0,0.0,Conservative
5,5,0,0,19928.994,0.0,5,19928.994,Balanced
4,3,1,0,4120.2,0.0,4,4120.2,Conservative
8,6,2,0,843.25,0.0,8,843.25,Balanced
7,4,3,5,481.2757142857143,0.36363636363636365,7,481.2757142857143,Conservative
7,5,2,5,469.1842857142857,0.2727272727272727,7,469.1842857142857,Conservative
4,1,3,6,203.9225,0.32142857142857145,4,203.9225,Conservative
6,4,2,6,1026.05,0.22727272727272727,6,1026.05,Conservative
6,3,3,5,597.7933333333333,0.3125,6,597.7933333333333,Conservative
4,3,1,7,927.79,0.2777777777777778,4,927.79,Conservative
5,1,4,6,192.564,0.21621621621621623,5,192.564,Conservative
8,3,5,7,898.2575,0.2127659574468085,8,898.2575,Conservative
6,0,6,6,865.1733333333333,0.2564102564102564,6,865.1733333333333,Conservative
4,4,0,5,336.745,0.2962962962962963,4,336.745,Conservative
4,0,4,5,178.2725,0.3333333333333333,4,178.2725,Conservative
4,4,0,6,662.9525,0.2727272727272727,4,662.9525,Conservative
8,4,4,7,489.5375,0.22727272727272727,8,489.5375,Conservative
6,5,1,7,1180.0566666666666,0.23076923076923078,6,1180.0566666666666,Conservative
4,3,1,7,378.7225,0.17391304347826086,4,378.7225,Conservative
6,3,3,6,987.94,0.3333333333333333,6,987.94,Conservative
8,5,3,5,227.1525,0.3333333333333333,8,227.1525,Conservative
6,1,5,7,448.3933333333333,0.2,6,448.3933333333333,Conservative
6,5,1,5,290.77666666666664,0.2702702702702703,6,290.77666666666664,Conservative
4,2,2,7,535.8425,0.1724137931034483,4,535.8425,Conservative
6,3,3,7,697.165,0.2,6,697.165,Conservative
7,3,4,7,494.69714285714286,0.20833333333333334,7,494.69714285714286,Conservative
3,2,1,7,695.59,0.2564102564102564,3,695.59,Conservative
8,6,2,7,240.77,0.1956521739130435,8,240.77,Conservative
3,2,1,6,389.1933333333333,0.21951219512195122,3,389.1933333333333,Conservative
8,6,2,6,674.27,0.2222222222222222,8,674.27,Conservative
3,2,1,6,475.94666666666666,0.22727272727272727,3,475.94666666666666,Conservative
8,2,6,5,640.495,0.36363636363636365,8,640.495,Conservative
4,3,1,6,842.795,0.2857142857142857,4,842.795,Conservative
3,1,2,7,183.07666666666665,0.23255813953488372,3,183.07666666666665,Conservative
7,5,2,6,406.0885714285714,0.25,7,406.0885714285714,Conservative
8,1,7,5,388.53125,0.2962962962962963,8,388.53125,Conservative
6,4,2,5,344.98,0.2727272727272727,6,344.98,Conservative
3,2,1,6,437.7966666666667,0.3125,3,437.7966666666667,Conservative
7,3,4,6,608.7557142857142,0.25,7,608.7557142857142,Conservative
6,3,3,7,666.5166666666667,0.3,6,666.5166666666667,Conservative
5,2,3,7,1073.75,0.2,5,1073.75,Conservative
3,2,1,6,301.1333333333333,0.24390243902439024,3,301.1333333333333,Conservative
6,4,2,6,389.645,0.20512820512820512,6,389.645,Conservative
6,2,4,7,424.36833333333334,0.16071428571428573,6,424.36833333333334,Conservative
7,3,4,7,832.0714285714286,0.18867924528301888,7,832.0714285714286,Conservative
5,2,3,7,925.618,0.23255813953488372,5,925.618,Conservative
7,2,5,7,367.37285714285713,0.1875,7,367.37285714285713,Conservative
7,4,3,7,186.14285714285714,0.21739130434782608,7,186.14285714285714,Conservative
7,2,5,6,349.6171428571429,0.3333333333333333,7,349.6171428571429,Conservative
6,1,5,5,353.3666666666667,0.2857142857142857,6,353.3666666666667,Conservative
4,4,0,5,946.94,0.3125,4,946.94,Conservative
6,3,3,6,420.985,0.3125,6,420.985,Conservative
8,6,2,6,794.01625,0.24324324324324326,8,794.01625,Conservative
3,2,1,5,375.6333333333333,0.24242424242424243,3,375.6333333333333,Conservative
16,8,8,5,2059.0125,0.30357142857142855,16,2059.0125,Balanced
16,8,8,5,1242.980625,0.28,16,1242.980625,Balanced
13,8,5,3,2473.126923076923,0.5,13,2473.126923076923,Balanced
14,3,11,5,969.7535714285714,0.35294117647058826,14,969.7535714285714,Balanced
10,7,3,4,1264.991,0.34210526315789475,10,1264.991,Balanced
19,6,13,3,2024.941052631579,0.42857142857142855,19,2024.941052631579,Balanced
13,5,8,5,1693.843076923077,0.25925925925925924,13,1693.843076923077,Balanced
19,8,11,5,1168.0878947368421,0.25925925925925924,19,1168.0878947368421,Balanced
21,12,9,4,737.2057142857143,0.34782608695652173,21,737.2057142857143,Balanced
13,6,7,4,588.343076923077,0.3488372093023256,13,588.343076923077,Balanced
22,12,10,3,984.0436363636363,0.5,22,984.0436363636363,Balanced
11,6,5,4,1996.3372727272726,0.36363636363636365,11,1996.3372727272726,Balanced
16,8,8,5,1100.6575,0.28205128205128205,16,1100.6575,Balanced
14,6,8,3,1450.1771428571428,0.4473684210526316,14,1450.1771428571428,Balanced
12,5,7,5,952.7733333333333,0.23636363636363636,12,952.7733333333333,Balanced
13,8,5,5,1949.64,0.3018867924528302,13,1949.64,Balanced
22,13,9,4,931.0454545454545,0.3870967741935484,22,931.0454545454545,Balanced
15,5,10,4,664.1206666666667,0.3409090909090909,15,664.1206666666667,Balanced
10,3,7,4,1169.222,0.32608695652173914,10,1169.222,Balanced
16,7,9,5,1740.8025,0.27450980392156865,16,1740.8025,Balanced
16,9,7,4,1938.3075,0.32558139534883723,16,1938.3075,Balanced
15,9,6,4,994.006,0.42105263157894735,15,994.006,Balanced
11,4,7,5,1247.1872727272728,0.2571428571428571,11,1247.1872727272728,Balanced
12,4,8,5,1290.8808333333334,0.3673469387755102,12,1290.8808333333334,Balanced
20,8,12,4,1075.274,0.3050847457627119,20,1075.274,Balanced
16,9,7,4,1865.56625,0.4146341463414634,16,1865.56625,Balanced
17,10,7,5,1031.5947058823529,0.35294117647058826,17,1031.5947058823529,Balanced
10,4,6,3,1407.338,0.45714285714285713,10,1407.338,Balanced
10,5,5,3,1449.186,0.4857142857142857,10,1449.186,Balanced
19,8,11,4,1189.4494736842105,0.30357142857142855,19,1189.4494736842105,Balanced
20,10,10,5,529.9085,0.24615384615384617,20,529.9085,Balanced
16,9,7,5,2166.78375,0.2903225806451613,16,2166.78375,Balanced
19,10,9,5,1118.6594736842105,0.32558139534883723,19,1118.6594736842105,Balanced
18,9,9,5,1288.0422222222223,0.23529411764705882,18,1288.0422222222223,Balanced
18,10,8,3,1175.733888888889,0.4782608695652174,18,1175.733888888889,Balanced
11,5,6,5,2615.9754545454543,0.3103448275862069,11,2615.9754545454543,Balanced
16,7,9,5,851.894375,0.3409090909090909,16,851.894375,Balanced
21,11,10,4,1049.0066666666667,0.32727272727272727,21,1049.0066666666667,Balanced
18,12,6,5,1256.2788888888888,0.2711864406779661,18,1256.2788888888888,Balanced
15,7,8,3,1994.628,0.5833333333333334,15,1994.628,Balanced
12,6,6,4,1134.1858333333332,0.38095238095238093,12,1134.1858333333332,Balanced
21,12,9,3,2284.5133333333333,0.4074074074074074,21,2284.5133333333333,Balanced
18,12,6,4,770.76,0.45161290322580644,18,770.76,Balanced
21,15,6,3,748.9566666666667,0.45161290322580644,21,748.9566666666667,Balanced
17,11,6,3,2157.2417647058824,0.391304347826087,17,2157.2417647058824,Balanced
21,11,10,4,1507.7357142857143,0.35555555555555557,21,1507.7357142857143,Balanced
19,10,9,4,1419.9194736842105,0.40540540540540543,19,1419.9194736842105,Balanced
15,7,8,5,1391.44,0.2857142857142857,15,1391.44,Balanced
14,7,7,4,830.3757142857143,0.3137254901960784,14,830.3757142857143,Balanced
13,9,4,3,676.5553846153846,0.45161290322580644,13,676.5553846153846,Balanced
58,28,30,2,5633.996551724138,0.6901408450704225,58,5633.996551724138,Aggressive
58,25,33,1,1698.3693103448277,1.0,58,1698.3693103448277,Aggressive
51,25,26,2,4025.679607843137,0.5104166666666666,51,4025.679607843137,Aggressive
43,22,21,1,426.96906976744185,1.0,43,426.96906976744185,Aggressive
42,24,18,1,1507.0904761904762,1.0,42,1507.0904761904762,Aggressive
31,15,16,3,3572.9548387096775,0.5,31,3572.9548387096775,Aggressive
54,24,30,3,3176.88,0.37755102040816324,54,3176.88,Aggressive
37,19,18,1,2782.6094594594597,1.0,37,2782.6094594594597,Aggressive
61,35,26,1,863.9052459016393,1.0,61,863.9052459016393,Aggressive
34,16,18,3,4246.502058823529,0.3968253968253968,34,4246.502058823529,Aggressive
38,19,19,1,957.9236842105263,1.0,38,957.9236842105263,Aggressive
45,24,21,1,6862.569111111111,1.0,45,6862.569111111111,Aggressive
44,18,26,3,5161.100227272727,0.42045454545454547,44,5161.100227272727,Aggressive
48,20,28,2,1155.1933333333334,0.5116279069767442,48,1155.1933333333334,Aggressive
38,18,20,1,1430.3892105263158,1.0,38,1430.3892105263158,Aggressive
54,27,27,3,4765.1151851851855,0.4473684210526316,54,4765.1151851851855,Aggressive
43,22,21,2,1959.1706976744185,0.55,43,1959.1706976744185,Aggressive
63,30,33,3,4918.336984126984,0.4491525423728814,63,4918.336984126984,Aggressive
34,13,21,1,6690.896176470588,1.0,34,6690.896176470588,Aggressive
64,32,32,2,6135.7290625,0.7083333333333334,64,6135.7290625,Aggressive
40,15,25,2,987.6975,0.6049382716049383,40,987.6975,Aggressive
48,25,23,3,3242.0760416666667,0.3883495145631068,48,3242.0760416666667,Aggressive
53,27,26,2,2497.7035849056606,0.7333333333333333,53,2497.7035849056606,Aggressive
64,36,28,2,1496.345,0.5102040816326531,64,1496.345,Aggressive
31,17,14,1,1359.45,1.0,31,1359.45,Aggressive
50,25,25,1,11194.8352,1.0,50,11194.8352,Aggressive
32,16,16,3,7658.5365625,0.38562091503267976,32,7658.5365625,Aggressive
34,11,23,3,6005.315588235294,0.3893805309734513,34,6005.315588235294,Aggressive
40,19,21,2,2471.36925,0.54,40,2471.36925,Aggressive
52,24,28,3,4919.160769230769,0.44339622641509435,52,4919.160769230769,Aggressive
43,16,27,1,1463.7297674418605,1.0,43,1463.7297674418605,Aggressive
44,26,18,1,6497.677727272728,1.0,44,6497.677727272728,Aggressive
53,33,20,3,2776.166037735849,0.4444444444444444,53,2776.166037735849,Aggressive
49,27,22,3,3223.6351020408165,0.3443708609271523,49,3223.6351020408165,Aggressive
56,31,25,3,1936.885,0.5,56,1936.885,Aggressive
58,28,30,2,5758.052068965517,0.5053763440860215,58,5758.052068965517,Aggressive
53,27,26,3,3901.738113207547,0.3787878787878788,53,3901.738113207547,Aggressive
32,10,22,2,3359.5915625,0.5,32,3359.5915625,Aggressive
36,20,16,2,1782.8044444444445,0.6190476190476191,36,1782.8044444444445,Aggressive
60,31,29,2,4298.479833333334,0.5238095238095238,60,4298.479833333334,Aggressive
46,25,21,3,3097.4508695652175,0.3393939393939394,46,3097.4508695652175,Aggressive
35,17,18,3,7063.594,0.4051724137931034,35,7063.594,Aggressive
44,20,24,3,1407.0379545454546,0.5111111111111111,44,1407.0379545454546,Aggressive
64,32,32,3,1600.7046875,0.5393258426966292,64,1600.7046875,Aggressive
40,20,20,1,1162.66425,1.0,40,1162.66425,Aggressive
53,22,31,1,1464.3501886792453,1.0,53,1464.3501886792453,Aggressive
32,15,17,3,5912.734375,0.4368932038834951,32,5912.734375,Aggressive
49,20,29,3,1934.3508163265305,0.35185185185185186,49,1934.3508163265305,Aggressive
63,32,31,1,6110.060476190476,1.0,63,6110.060476190476,Aggressive
56,26,30,3,5406.57625,0.40404040404040403,56,5406.57625,Aggressive
72,30,42,1,4187.841111111111,1.0,72,4187.841111111111,Anomalous
75,38,37,1,5937.919333333333,1.0,75,5937.919333333333,Anomalous
52,25,27,1,4960.536923076923,1.0,52,4960.536923076923,Anomalous
50,24,26,1,5707.7338,1.0,50,5707.7338,Anomalous
67,32,35,1,1214.3497014925374,1.0,67,1214.3497014925374,Anomalous
66,38,28,1,4564.297272727273,1.0,66,4564.297272727273,Anomalous
91,47,44,1,1198.3248351648351,1.0,91,1198.3248351648351,Anomalous
65,36,29,1,16039.852,1.0,65,16039.852,Anomalous
59,36,23,1,3889.827118644068,1.0,59,3889.827118644068,Anomalous
47,26,21,1,13338.00170212766,1.0,47,13338.00170212766,Anomalous
47,22,25,1,9506.385957446808,1.0,47,9506.385957446808,Anomalous
81,35,46,1,1142.5903703703705,1.0,81,1142.5903703703705,Anomalous
83,39,44,1,4856.997590361446,1.0,83,4856.997590361446,Anomalous
77,38,39,1,13142.887532467532,1.0,77,13142.887532467532,Anomalous
60,32,28,1,1308.7393333333334,1.0,60,1308.7393333333334,Anomalous
49,27,22,1,5642.850612244898,1.0,49,5642.850612244898,Anomalous
81,43,38,1,1815.6233333333332,1.0,81,1815.6233333333332,Anomalous
75,36,39,1,23303.65426666667,1.0,75,23303.65426666667,Anomalous
69,35,34,1,6172.1359420289855,1.0,69,6172.1359420289855,Anomalous
64,29,35,1,3578.08984375,1.0,64,3578.08984375,Anomalous
69,30,39,1,5531.173623188406,1.0,69,5531.173623188406,Anomalous
71,37,34,1,5077.86352112676,1.0,71,5077.86352112676,Anomalous
80,36,44,1,14562.063875,1.0,80,14562.063875,Anomalous
46,25,21,1,13794.205652173912,1.0,46,13794.205652173912,Anomalous
91,48,43,1,12232.807362637363,1.0,91,12232.807362637363,Anomalous
53,27,26,1,16835.801698113206,1.0,53,16835.801698113206,Anomalous
77,39,38,1,11995.085324675325,1.0,77,11995.085324675325,Anomalous
47,24,23,1,6491.327659574468,1.0,47,6491.327659574468,Anomalous
46,23,23,1,5855.851304347826,1.0,46,5855.851304347826,Anomalous
69,29,40,1,9767.984927536232,1.0,69,9767.984927536232,Anomalous
55,29,26,1,12715.523272727272,1.0,55,12715.523272727272,Anomalous
61,30,31,1,10401.646229508196,1.0,61,10401.646229508196,Anomalous
75,48,27,1,5161.693466666667,1.0,75,5161.693466666667,Anomalous
68,31,37,1,3026.6782352941177,1.0,68,3026.6782352941177,Anomalous
91,43,48,1,5215.9281318681315,1.0,91,5215.9281318681315,Anomalous
86,44,42,1,975.8161627906977,1.0,86,975.8161627906977,Anomalous
56,34,22,1,10594.456785714287,1.0,56,10594.456785714287,Anomalous
69,33,36,1,10356.664057971015,1.0,69,10356.664057971015,Anomalous
52,28,24,1,4860.424230769231,1.0,52,4860.424230769231,Anomalous
88,42,46,1,5196.699886363636,1.0,88,5196.699886363636,Anomalous
48,22,26,1,3607.8872916666664,1.0,48,3607.8872916666664,Anomalous
60,31,29,1,12856.318166666666,1.0,60,12856.318166666666,Anomalous
65,30,35,1,1473.6536923076924,1.0,65,1473.6536923076924,Anomalous
64,32,32,1,10391.64359375,1.0,64,10391.64359375,Anomalous
77,43,34,1,11938.851948051948,1.0,77,11938.851948051948,Anomalous
49,19,30,1,5374.410408163265,1.0,49,5374.410408163265,Anomalous
62,27,35,1,6889.622580645161,1.0,62,6889.622580645161,Anomalous
69,40,29,1,1223.813188405797,1.0,69,1223.813188405797,Anomalous
86,40,46,1,4929.9738372093025,1.0,86,4929.9738372093025,Anomalous
74,31,43,1,2990.7,1.0,74,2990.7,Anomalous
6,4,2,5,904.1833333333333,0.30303030303030304,6,904.1833333333333,Conservative
6,2,4,6,502.75166666666667,0.2222222222222222,6,502.75166666666667,Conservative
3,1,2,7,787.6,0.20512820512820512,3,787.6,Conservative
3,1,2,6,277.4533333333333,0.2222222222222222,3,277.4533333333333,Conservative
5,1,4,7,717.382,0.25,5,717.382,Conservative
6,6,0,5,192.21333333333334,0.2903225806451613,6,192.21333333333334,Conservative
5,1,4,5,333.232,0.30303030303030304,5,333.232,Conservative
5,2,3,6,587.67,0.2857142857142857,5,587.67,Conservative
6,4,2,7,546.4483333333334,0.2631578947368421,6,546.4483333333334,Conservative
4,1,3,5,654.89,0.3333333333333333,4,654.89,Conservative
7,3,4,5,555.0971428571429,0.3125,7,555.0971428571429,Conservative
3,2,1,7,498.4166666666667,0.21951219512195122,3,498.4166666666667,Conservative
8,5,3,6,377.54,0.225,8,377.54,Conservative
8,6,2,6,417.82125,0.3,8,417.82125,Conservative
8,7,1,7,480.7875,0.2702702702702703,8,480.7875,Conservative
6,6,0,5,255.21333333333334,0.4,6,255.21333333333334,Conservative
3,2,1,6,507.36333333333334,0.25,3,507.36333333333334,Conservative
4,2,2,7,350.0725,0.25,4,350.0725,Conservative
5,2,3,7,221.824,0.24390243902439024,5,221.824,Conservative
3,1,2,5,638.7366666666667,0.35,3,638.7366666666667,Conservative
5,2,3,6,1427.078,0.24242424242424243,5,1427.078,Conservative
6,5,1,7,691.2483333333333,0.2564102564102564,6,691.2483333333333,Conservative
7,4,3,7,728.2928571428571,0.21739130434782608,7,728.2928571428571,Conservative
5,4,1,7,995.21,0.23255813953488372,5,995.21,Conservative
3,2,1,6,318.50666666666666,0.20833333333333334,3,318.50666666666666,Conservative
8,2,6,6,403.3625,0.23684210526315788,8,403.3625,Conservative
7,4,3,6,288.93142857142857,0.2647058823529412,7,288.93142857142857,Conservative
3,2,1,5,759.77,0.3333333333333333,3,759.77,Conservative
3,1,2,5,346.4533333333333,0.25,3,346.4533333333333,Conservative
8,3,5,7,1170.065,0.225,8,1170.065,Conservative
3,0,3,7,616.04,0.24390243902439024,3,616.04,Conservative
7,3,4,5,516.91,0.3333333333333333,7,516.91,Conservative
4,4,0,5,930.35,0.25925925925925924,4,930.35,Conservative
3,1,2,6,380.99333333333334,0.22727272727272727,3,380.99333333333334,Conservative
8,5,3,6,579.29625,0.25,8,579.29625,Conservative
7,5,2,5,487.56857142857143,0.23076923076923078,7,487.56857142857143,Conservative
7,3,4,7,351.9014285714286,0.2647058823529412,7,351.9014285714286,Conservative
7,4,3,5,665.7,0.23255813953488372,7,665.7,Conservative
6,5,1,6,416.04333333333335,0.23076923076923078,6,416.04333333333335,Conservative
5,3,2,6,461.274,0.21951219512195122,5,461.274,Conservative
6,4,2,6,662.0466666666666,0.225,6,662.0466666666666,Conservative
7,4,3,7,612.9214285714286,0.22857142857142856,7,612.9214285714286,Conservative
3,0,3,7,459.83,0.2702702702702703,3,459.83,Conservative
7,4,3,5,154.3,0.24324324324324326,7,154.3,Conservative
4,2,2,5,764.6175,0.2777777777777778,4,764.6175,Conservative
5,3,2,5,239.926,0.29411764705882354,5,239.926,Conservative
6,5,1,5,1274.4716666666666,0.2903225806451613,6,1274.4716666666666,Conservative
3,0,3,6,442.16333333333336,0.25,3,442.16333333333336,Conservative
7,4,3,5,501.66,0.25,7,501.66,Conservative
4,3,1,6,1236.415,0.2571428571428571,4,1236.415,Conservative
6,2,4,5,766.425,0.30303030303030304,6,766.425,Conservative
5,2,3,7,992.932,0.23076923076923078,5,992.932,Conservative
3,2,1,6,546.3466666666667,0.28125,3,546.3466666666667,Conservative
8,3,5,6,398.94125,0.28,8,398.94125,Conservative
7,6,1,6,377.64285714285717,0.21621621621621623,7,377.64285714285717,Conservative
3,1,2,6,815.81,0.2564102564102564,3,815.81,Conservative
5,2,3,5,175.604,0.3333333333333333,5,175.604,Conservative
3,2,1,5,924.8733333333333,0.2777777777777778,3,924.8733333333333,Conservative
3,1,2,5,575.2466666666667,0.23333333333333334,3,575.2466666666667,Conservative
7,4,3,7,500.8542857142857,0.2564102564102564,7,500.8542857142857,Conservative
5,3,2,7,677.328,0.18518518518518517,5,677.328,Conservative
6,1,5,7,318.86333333333334,0.23809523809523808,6,318.86333333333334,Conservative
8,4,4,7,429.81,0.25,8,429.81,Conservative
7,4,3,5,322.83142857142855,0.3448275862068966,7,322.83142857142855,Conservative
4,1,3,6,639.8475,0.22727272727272727,4,639.8475,Conservative
5,2,3,7,334.56,0.2127659574468085,5,334.56,Conservative
4,1,3,5,396.985,0.25,4,396.985,Conservative
8,2,6,6,371.00625,0.2564102564102564,8,371.00625,Conservative
3,2,1,6,779.08,0.2631578947368421,3,779.08,Conservative
7,6,1,5,570.5614285714286,0.29411764705882354,7,570.5614285714286,Conservative
4,1,3,7,529.6125,0.19148936170212766,4,529.6125,Conservative
3,1,2,7,927.0066666666667,0.24324324324324326,3,927.0066666666667,Conservative
5,4,1,5,255.19,0.2727272727272727,5,255.19,Conservative
4,3,1,5,689.6875,0.3333333333333333,4,689.6875,Conservative
7,5,2,5,974.0285714285715,0.3333333333333333,7,974.0285714285715,Conservative
4,3,1,7,1260.0175,0.20454545454545456,4,1260.0175,Conservative
3,3,0,7,1060.8633333333332,0.22580645161290322,3,1060.8633333333332,Conservative
5,4,1,7,378.856,0.21621621621621623,5,378.856,Conservative
6,3,3,5,1517.635,0.3333333333333333,6,1517.635,Conservative
6,2,4,5,208.95166666666665,0.3125,6,208.95166666666665,Conservative
3,1,2,6,906.47,0.2631578947368421,3,906.47,Conservative
3,1,2,7,610.0233333333333,0.20833333333333334,3,610.0233333333333,Conservative
3,1,2,5,1104.8833333333334,0.3333333333333333,3,1104.8833333333334,Conservative
3,1,2,7,1315.6666666666667,0.2903225806451613,3,1315.6666666666667,Conservative
5,2,3,6,103.918,0.21212121212121213,5,103.918,Conservative
8,6,2,7,818.42625,0.2,8,818.42625,Conservative
6,3,3,7,499.2083333333333,0.20833333333333334,6,499.2083333333333,Conservative
6,5,1,6,455.74666666666667,0.23684210526315788,6,455.74666666666667,Conservative
8,4,4,6,653.485,0.3103448275862069,8,653.485,Conservative
7,4,3,6,597.5414285714286,0.2564102564102564,7,597.5414285714286,Conservative
4,2,2,6,652.015,0.26666666666666666,4,652.015,Conservative
6,2,4,6,602.5616666666666,0.26666666666666666,6,602.5616666666666,Conservative
5,2,3,6,329.596,0.21951219512195122,5,329.596,Conservative
3,2,1,5,459.61333333333334,0.2962962962962963,3,459.61333333333334,Conservative
4,3,1,6,1218.48,0.2903225806451613,4,1218.48,Conservative
7,5,2,7,562.2885714285715,0.18421052631578946,7,562.2885714285715,Conservative
5,3,2,6,581.942,0.3125,5,581.942,Conservative
4,3,1,5,339.715,0.23255813953488372,4,339.715,Conservative
7,6,1,6,859.9242857142857,0.1956521739130435,7,859.9242857142857,Conservative
4,3,1,5,927.925,0.3225806451612903,4,927.925,Conservative
4,3,1,7,670.455,0.18518518518518517,4,670.455,Conservative
6,4,2,6,355.69,0.2564102564102564,6,355.69,Conservative
7,5,2,5,408.7442857142857,0.2857142857142857,7,408.7442857142857,Conservative
5,1,4,5,355.99,0.3333333333333333,5,355.99,Conservative
3,2,1,6,587.4766666666667,0.32142857142857145,3,587.4766666666667,Conservative
4,2,2,7,264.1575,0.19148936170212766,4,264.1575,Conservative
5,3,2,6,796.418,0.32142857142857145,5,796.418,Conservative
8,4,4,6,665.6,0.2631578947368421,8,665.6,Conservative
5,4,1,6,218.232,0.2702702702702703,5,218.232,Conservative
7,3,4,7,1237.52,0.24390243902439024,7,1237.52,Conservative
8,5,3,6,448.48375,0.2857142857142857,8,448.48375,Conservative
7,3,4,6,980.7214285714285,0.28125,7,980.7214285714285,Conservative
7,5,2,6,493.45285714285717,0.225,7,493.45285714285717,Conservative
6,2,4,7,621.955,0.20833333333333334,6,621.955,Conservative
7,5,2,6,960.3714285714286,0.26666666666666666,7,960.3714285714286,Conservative
6,5,1,7,320.24833333333333,0.2222222222222222,6,320.24833333333333,Conservative
4,2,2,5,202.79,0.24390243902439024,4,202.79,Conservative
7,5,2,6,338.71714285714285,0.25,7,338.71714285714285,Conservative
4,2,2,6,610.8125,0.21951219512195122,4,610.8125,Conservative
6,3,3,7,421.15833333333336,0.23684210526315788,6,421.15833333333336,Conservative
7,3,4,6,663.3771428571429,0.3076923076923077,7,663.3771428571429,Conservative
6,2,4,6,282.8516666666667,0.25,6,282.8516666666667,Conservative
5,3,2,6,845.044,0.18518518518518517,5,845.044,Conservative
8,4,4,7,637.2525,0.3076923076923077,8,637.2525,Conservative
3,2,1,5,1127.38,0.3333333333333333,3,1127.38,Conservative
8,6,2,7,358.75,0.2631578947368421,8,358.75,Conservative
5,3,2,7,425.154,0.22857142857142856,5,425.154,Conservative
4,1,3,6,683.21,0.2903225806451613,4,683.21,Conservative
5,2,3,7,667.602,0.23255813953488372,5,667.602,Conservative
7,3,4,6,816.5957142857143,0.2857142857142857,7,816.5957142857143,Conservative
6,1,5,7,667.6216666666667,0.2413793103448276,6,667.6216666666667,Conservative
5,3,2,6,126.344,0.3448275862068966,5,126.344,Conservative
6,2,4,5,398.9583333333333,0.47368421052631576,6,398.9583333333333,Conservative
8,2,6,6,277.42,0.22580645161290322,8,277.42,Conservative
6,5,1,7,519.3516666666667,0.1836734693877551,6,519.3516666666667,Conservative
7,1,6,7,864.5971428571429,0.21621621621621623,7,864.5971428571429,Conservative
6,4,2,5,542.7733333333333,0.2857142857142857,6,542.7733333333333,Conservative
4,1,3,6,337.985,0.2857142857142857,4,337.985,Conservative
8,6,2,7,1192.60125,0.23076923076923078,8,1192.60125,Conservative
5,1,4,5,541.618,0.2727272727272727,5,541.618,Conservative
3,2,1,7,574.0266666666666,0.19148936170212766,3,574.0266666666666,Conservative
5,1,4,7,610.836,0.20454545454545456,5,610.836,Conservative
5,3,2,6,1400.53,0.2903225806451613,5,1400.53,Conservative
8,3,5,6,954.26,0.2727272727272727,8,954.26,Conservative
6,3,3,5,785.6383333333333,0.32142857142857145,6,785.6383333333333,Conservative
8,4,4,5,560.585,0.2962962962962963,8,560.585,Conservative
8,7,1,7,554.88625,0.20833333333333334,8,554.88625,Conservative
5,4,1,6,643.856,0.20930232558139536,5,643.856,Conservative
5,3,2,6,752.684,0.3,5,752.684,Conservative
3,2,1,7,271.36333333333334,0.21052631578947367,3,271.36333333333334,Conservative
8,3,5,5,394.875,0.2222222222222222,8,394.875,Conservative
3,2,1,5,736.0666666666667,0.225,3,736.0666666666667,Conservative
5,1,4,5,281.57,0.34782608695652173,5,281.57,Conservative
4,2,2,5,342.33,0.2727272727272727,4,342.33,Conservative
7,3,4,7,666.92,0.35714285714285715,7,666.92,Conservative
5,2,3,7,821.466,0.2727272727272727,5,821.466,Conservative
6,4,2,6,773.99,0.30303030303030304,6,773.99,Conservative
5,0,5,6,437.342,0.3103448275862069,5,437.342,Conservative
4,2,2,7,561.65,0.19607843137254902,4,561.65,Conservative
4,3,1,7,1069.1375,0.16666666666666666,4,1069.1375,Conservative
7,3,4,7,288.76428571428573,0.16393442622950818,7,288.76428571428573,Conservative
8,3,5,7,505.815,0.1951219512195122,8,505.815,Conservative
4,0,4,5,109.65,0.2857142857142857,4,109.65,Conservative
6,1,5,5,1398.035,0.35714285714285715,6,1398.035,Conservative
3,2,1,5,1159.8866666666668,0.3125,3,1159.8866666666668,Conservative
4,0,4,5,657.8725,0.3333333333333333,4,657.8725,Conservative
7,6,1,6,576.2271428571429,0.30303030303030304,7,576.2271428571429,Conservative
7,3,4,6,733.9471428571428,0.28125,7,733.9471428571428,Conservative
8,6,2,5,852.2725,0.23809523809523808,8,852.2725,Conservative
6,2,4,5,742.98,0.3888888888888889,6,742.98,Conservative
8,4,4,5,433.83875,0.2702702702702703,8,433.83875,Conservative
5,4,1,6,623.568,0.22727272727272727,5,623.568,Conservative
7,2,5,5,553.8928571428571,0.3103448275862069,7,553.8928571428571,Conservative
7,4,3,7,515.7185714285714,0.2702702702702703,7,515.7185714285714,Conservative
4,2,2,6,263.835,0.2571428571428571,4,263.835,Conservative
8,2,6,7,472.265,0.24324324324324326,8,472.265,Conservative
7,1,6,6,381.7157142857143,0.35,7,381.7157142857143,Conservative
5,3,2,5,303.042,0.3125,5,303.042,Conservative
6,3,3,5,365.29833333333335,0.2857142857142857,6,365.29833333333335,Conservative
7,4,3,7,1590.3285714285714,0.225,7,1590.3285714285714,Conservative
7,4,3,7,986.5685714285714,0.24390243902439024,7,986.5685714285714,Conservative
5,1,4,6,341.676,0.28125,5,341.676,Conservative
8,3,5,6,1042.94625,0.2702702702702703,8,1042.94625,Conservative
4,1,3,5,327.53,0.3125,4,327.53,Conservative
6,4,2,5,193.595,0.391304347826087,6,193.595,Conservative
4,3,1,6,1266.1175,0.23684210526315788,4,1266.1175,Conservative
3,2,1,7,394.87666666666667,0.225,3,394.87666666666667,Conservative
3,2,1,6,257.12,0.2564102564102564,3,257.12,Conservative
5,2,3,6,319.106,0.19607843137254902,5,319.106,Conservative
8,6,2,6,604.62625,0.3225806451612903,8,604.62625,Conservative
7,3,4,7,1220.087142857143,0.23255813953488372,7,1220.087142857143,Conservative
5,3,2,5,450.338,0.2857142857142857,5,450.338,Conservative
6,5,1,7,436.44166666666666,0.2222222222222222,6,436.44166666666666,Conservative
7,4,3,6,522.5942857142857,0.2631578947368421,7,522.5942857142857,Conservative
3,2,1,5,119.18666666666667,0.24,3,119.18666666666667,Conservative
7,5,2,7,1528.5185714285715,0.20512820512820512,7,1528.5185714285715,Conservative
4,2,2,7,317.3725,0.2564102564102564,4,317.3725,Conservative
6,1,5,5,964.615,0.29411764705882354,6,964.615,Conservative
4,0,4,6,517.5225,0.20512820512820512,4,517.5225,Conservative
5,2,3,6,836.198,0.2571428571428571,5,836.198,Conservative
16,9,7,5,2001.880625,0.23214285714285715,16,2001.880625,Balanced
14,4,10,3,484.0757142857143,0.3488372093023256,14,484.0757142857143,Balanced
17,9,8,5,1315.2464705882353,0.29508196721311475,17,1315.2464705882353,Balanced
15,9,6,3,520.4026666666666,0.43478260869565216,15,520.4026666666666,Balanced
11,6,5,4,801.4481818181819,0.38636363636363635,11,801.4481818181819,Balanced
13,7,6,4,2343.74,0.32142857142857145,13,2343.74,Balanced
19,14,5,5,709.978947368421,0.3,19,709.978947368421,Balanced
11,6,5,4,1091.9372727272728,0.32727272727272727,11,1091.9372727272728,Balanced
18,5,13,5,705.06,0.288135593220339,18,705.06,Balanced
10,7,3,4,1516.737,0.28125,10,1516.737,Balanced
11,5,6,3,2536.3372727272726,0.4473684210526316,11,2536.3372727272726,Balanced
19,8,11,4,1509.1131578947368,0.3157894736842105,19,1509.1131578947368,Balanced
20,10,10,4,975.6145,0.375,20,975.6145,Balanced
18,12,6,3,1567.4883333333332,0.41025641025641024,18,1567.4883333333332,Balanced
11,8,3,5,964.0436363636363,0.34782608695652173,11,964.0436363636363,Balanced
16,8,8,3,682.231875,0.4358974358974359,16,682.231875,Balanced
15,9,6,3,1194.6693333333333,0.5,15,1194.6693333333333,Balanced
14,6,8,4,960.7014285714286,0.2826086956521739,14,960.7014285714286,Balanced
13,7,6,4,2896.94,0.30952380952380953,13,2896.94,Balanced
18,10,8,5,637.9777777777778,0.25,18,637.9777777777778,Balanced
22,11,11,5,1578.1127272727272,0.2571428571428571,22,1578.1127272727272,Balanced
18,12,6,5,1190.4616666666666,0.2857142857142857,18,1190.4616666666666,Balanced
14,8,6,4,875.5407142857143,0.3191489361702128,14,875.5407142857143,Balanced
12,4,8,3,1138.23,0.5172413793103449,12,1138.23,Balanced
18,7,11,3,1584.0872222222222,0.38095238095238093,18,1584.0872222222222,Balanced
18,12,6,5,1481.5183333333334,0.35555555555555557,18,1481.5183333333334,Balanced
19,10,9,5,1554.8468421052632,0.22580645161290322,19,1554.8468421052632,Balanced
20,9,11,4,1206.846,0.43243243243243246,20,1206.846,Balanced
19,9,10,5,1127.9657894736843,0.2631578947368421,19,1127.9657894736843,Balanced
14,9,5,5,1073.865,0.23076923076923078,14,1073.865,Balanced
16,7,9,5,1430.59875,0.23333333333333334,16,1430.59875,Balanced
15,5,10,4,811.6813333333333,0.3157894736842105,15,811.6813333333333,Balanced
22,12,10,3,1325.4981818181818,0.391304347826087,22,1325.4981818181818,Balanced
19,11,8,5,1389.598947368421,0.28846153846153844,19,1389.598947368421,Balanced
13,6,7,3,1467.2684615384615,0.4838709677419355,13,1467.2684615384615,Balanced
12,3,9,3,1051.3358333333333,0.425,12,1051.3358333333333,Balanced
17,11,6,4,1844.6376470588236,0.39473684210526316,17,1844.6376470588236,Balanced
17,8,9,3,716.2617647058823,0.5,17,716.2617647058823,Balanced
11,5,6,4,1312.3290909090908,0.3142857142857143,11,1312.3290909090908,Balanced
22,10,12,3,564.9477272727273,0.37142857142857144,22,564.9477272727273,Balanced
13,5,8,5,1707.996153846154,0.25806451612903225,13,1707.996153846154,Balanced
19,10,9,4,2621.016842105263,0.3333333333333333,19,2621.016842105263,Balanced
11,9,2,4,2127.6263636363637,0.3,11,2127.6263636363637,Balanced
18,11,7,5,1049.4744444444445,0.35294117647058826,18,1049.4744444444445,Balanced
11,5,6,4,865.550909090909,0.2909090909090909,11,865.550909090909,Balanced
12,7,5,5,900.5916666666667,0.26666666666666666,12,900.5916666666667,Balanced
20,9,11,4,913.1305,0.3050847457627119,20,913.1305,Balanced
13,6,7,4,846.0484615384615,0.3673469387755102,13,846.0484615384615,Balanced
18,8,10,5,2042.4172222222223,0.2608695652173913,18,2042.4172222222223,Balanced
10,6,4,4,1508.801,0.38636363636363635,10,1508.801,Balanced
12,8,4,5,1236.425,0.28125,12,1236.425,Balanced
17,9,8,5,1244.7205882352941,0.29411764705882354,17,1244.7205882352941,Balanced
22,11,11,5,2356.0718181818183,0.24,22,2356.0718181818183,Balanced
18,8,10,3,878.53,0.3695652173913043,18,878.53,Balanced
21,7,14,3,1171.2447619047618,0.425,21,1171.2447619047618,Balanced
16,9,7,5,991.005,0.27906976744186046,16,991.005,Balanced
10,9,1,5,1456.269,0.3404255319148936,10,1456.269,Balanced
12,6,6,3,1902.0441666666666,0.33962264150943394,12,1902.0441666666666,Balanced
14,8,6,4,1197.3114285714287,0.38095238095238093,14,1197.3114285714287,Balanced
18,11,7,5,1908.1988888888889,0.2647058823529412,18,1908.1988888888889,Balanced
19,8,11,4,1018.8531578947368,0.3018867924528302,19,1018.8531578947368,Balanced
12,7,5,5,1919.5491666666667,0.288135593220339,12,1919.5491666666667,Balanced
13,4,9,5,1033.2953846153846,0.3137254901960784,13,1033.2953846153846,Balanced
16,7,9,3,836.706875,0.6,16,836.706875,Balanced
12,5,7,4,1329.5475,0.32558139534883723,12,1329.5475,Balanced
16,7,9,5,2850.23,0.3050847457627119,16,2850.23,Balanced
21,9,12,5,1527.2133333333334,0.22666666666666666,21,1527.2133333333334,Balanced
15,9,6,5,2122.0706666666665,0.30303030303030304,15,2122.0706666666665,Balanced
10,3,7,4,2425.135,0.35294117647058826,10,2425.135,Balanced
19,7,12,3,686.3236842105263,0.43902439024390244,19,686.3236842105263,Balanced
15,10,5,4,809.892,0.3469387755102041,15,809.892,Balanced
14,10,4,4,864.0335714285715,0.34615384615384615,14,864.0335714285715,Balanced
16,8,8,4,568.995,0.30434782608695654,16,568.995,Balanced
10,7,3,5,3084.771,0.375,10,3084.771,Balanced
16,4,12,4,1408.015,0.33962264150943394,16,1408.015,Balanced
17,13,4,5,1127.8858823529413,0.35294117647058826,17,1127.8858823529413,Balanced
22,14,8,3,1090.966818181818,0.5925925925925926,22,1090.966818181818,Balanced
13,6,7,3,827.4946153846154,0.5,13,827.4946153846154,Balanced
22,8,14,4,1541.034090909091,0.3469387755102041,22,1541.034090909091,Balanced
14,6,8,4,885.3507142857143,0.4375,14,885.3507142857143,Balanced
11,6,5,4,2536.342727272727,0.3902439024390244,11,2536.342727272727,Balanced
10,3,7,3,1188.662,0.4,10,1188.662,Balanced
20,11,9,4,1634.5545,0.48484848484848486,20,1634.5545,Balanced
16,8,8,4,3148.244375,0.3,16,3148.244375,Balanced
12,8,4,3,911.8258333333333,0.52,12,911.8258333333333,Balanced
21,12,9,5,2018.4280952380952,0.27586206896551724,21,2018.4280952380952,Balanced
21,11,10,5,1689.3514285714286,0.2463768115942029,21,1689.3514285714286,Balanced
12,8,4,4,1809.2508333333333,0.391304347826087,12,1809.2508333333333,Balanced
17,9,8,4,978.7082352941177,0.34,17,978.7082352941177,Balanced
21,8,13,5,1862.6695238095238,0.2727272727272727,21,1862.6695238095238,Balanced
16,11,5,5,1264.511875,0.2857142857142857,16,1264.511875,Balanced
21,9,12,4,2268.8395238095236,0.36363636363636365,21,2268.8395238095236,Balanced
17,9,8,5,1612.144117647059,0.265625,17,1612.144117647059,Balanced
15,9,6,3,1121.376,0.47058823529411764,15,1121.376,Balanced
13,8,5,5,665.0476923076923,0.26229508196721313,13,665.0476923076923,Balanced
14,8,6,3,629.7614285714286,0.4666666666666667,14,629.7614285714286,Balanced
15,8,7,5,1047.0033333333333,0.32,15,1047.0033333333333,Balanced
11,7,4,3,1342.5990909090908,0.4375,11,1342.5990909090908,Balanced
16,5,11,4,683.528125,0.32558139534883723,16,683.528125,Balanced
19,10,9,4,2235.0384210526317,0.37209302325581395,19,2235.0384210526317,Balanced
18,6,12,3,754.7716666666666,0.41379310344827586,18,754.7716666666666,Balanced
17,7,10,4,1601.1170588235293,0.4186046511627907,17,1601.1170588235293,Balanced
13,8,5,5,1503.346923076923,0.2537313432835821,13,1503.346923076923,Balanced
18,8,10,5,300.365,0.2857142857142857,18,300.365,Balanced
16,5,11,3,655.985625,0.5483870967741935,16,655.985625,Balanced
15,8,7,3,1365.6313333333333,0.4444444444444444,15,1365.6313333333333,Balanced
22,9,13,3,2491.754090909091,0.42857142857142855,22,2491.754090909091,Balanced
16,9,7,5,1826.12375,0.2608695652173913,16,1826.12375,Balanced
20,11,9,5,1272.943,0.34615384615384615,20,1272.943,Balanced
16,11,5,3,719.159375,0.5151515151515151,16,719.159375,Balanced
11,6,5,5,1822.4327272727273,0.25757575757575757,11,1822.4327272727273,Balanced
14,6,8,5,1906.4957142857143,0.27419354838709675,14,1906.4957142857143,Balanced
12,7,5,4,2525.778333333333,0.3076923076923077,12,2525.778333333333,Balanced
20,15,5,5,1026.774,0.2857142857142857,20,1026.774,Balanced
16,10,6,4,1400.355625,0.391304347826087,16,1400.355625,Balanced
17,10,7,3,1589.7270588235294,0.4375,17,1589.7270588235294,Balanced
14,4,10,4,1296.587857142857,0.34615384615384615,14,1296.587857142857,Balanced
15,6,9,4,1192.0846666666666,0.3829787234042553,15,1192.0846666666666,Balanced
20,10,10,3,814.879,0.42857142857142855,20,814.879,Balanced
16,11,5,3,1400.520625,0.4074074074074074,16,1400.520625,Balanced
16,11,5,5,1023.503125,0.27450980392156865,16,1023.503125,Balanced
14,8,6,3,1212.5557142857142,0.46153846153846156,14,1212.5557142857142,Balanced
22,13,9,3,496.6736363636364,0.43902439024390244,22,496.6736363636364,Balanced
12,7,5,3,654.6091666666666,0.43243243243243246,12,654.6091666666666,Balanced
20,9,11,3,1109.325,0.46153846153846156,20,1109.325,Balanced
20,11,9,3,1487.317,0.4375,20,1487.317,Balanced
21,12,9,5,1746.9042857142856,0.32558139534883723,21,1746.9042857142856,Balanced
15,8,7,4,330.83866666666665,0.3333333333333333,15,330.83866666666665,Balanced
13,6,7,4,1257.9453846153847,0.3125,13,1257.9453846153847,Balanced
22,8,14,3,1653.7077272727272,0.3793103448275862,22,1653.7077272727272,Balanced
10,6,4,4,2073.74,0.34146341463414637,10,2073.74,Balanced
10,3,7,4,1125.263,0.36363636363636365,10,1125.263,Balanced
15,9,6,4,641.882,0.3684210526315789,15,641.882,Balanced
16,7,9,5,1362.3625,0.26865671641791045,16,1362.3625,Balanced
19,6,13,4,1447.58,0.35,19,1447.58,Balanced
13,7,6,4,481.88,0.3333333333333333,13,481.88,Balanced
14,8,6,4,1052.815,0.37209302325581395,14,1052.815,Balanced
12,6,6,5,965.1183333333333,0.29411764705882354,12,965.1183333333333,Balanced
22,6,16,3,1140.4127272727274,0.375,22,1140.4127272727274,Balanced
10,6,4,5,335.984,0.32608695652173914,10,335.984,Balanced
18,11,7,4,724.8144444444445,0.3695652173913043,18,724.8144444444445,Balanced
10,4,6,4,946.89,0.34,10,946.89,Balanced
16,11,5,5,1123.98125,0.3157894736842105,16,1123.98125,Balanced
13,8,5,4,975.2130769230769,0.27692307692307694,13,975.2130769230769,Balanced
13,8,5,3,1326.006153846154,0.5625,13,1326.006153846154,Balanced
17,3,14,3,622.2635294117647,0.375,17,622.2635294117647,Balanced
14,7,7,3,1128.432857142857,0.4166666666666667,14,1128.432857142857,Balanced
16,7,9,4,1045.491875,0.3333333333333333,16,1045.491875,Balanced
12,7,5,4,2542.8516666666665,0.36363636363636365,12,2542.8516666666665,Balanced
11,5,6,4,832.7790909090909,0.32142857142857145,11,832.7790909090909,Balanced
13,9,4,3,1454.7307692307693,0.42857142857142855,13,1454.7307692307693,Balanced
12,7,5,4,696.3391666666666,0.32608695652173914,12,696.3391666666666,Balanced
22,10,12,5,1954.7613636363637,0.26153846153846155,22,1954.7613636363637,Balanced
13,4,9,4,2030.5515384615385,0.4,13,2030.5515384615385,Balanced
17,5,12,4,1201.3429411764705,0.3148148148148148,17,1201.3429411764705,Balanced
15,8,7,4,1118.376,0.4864864864864865,15,1118.376,Balanced
10,3,7,5,1988.656,0.3333333333333333,10,1988.656,Balanced
13,5,8,3,1499.4638461538461,0.5,13,1499.4638461538461,Balanced
11,3,8,4,902.8509090909091,0.4090909090909091,11,902.8509090909091,Balanced
17,6,11,5,2000.209411764706,0.29310344827586204,17,2000.209411764706,Balanced
22,11,11,4,1467.8568181818182,0.34615384615384615,22,1467.8568181818182,Balanced
10,6,4,5,906.75,0.2826086956521739,10,906.75,Balanced
16,7,9,3,785.615,0.391304347826087,16,785.615,Balanced
14,5,9,5,1520.2528571428572,0.28846153846153844,14,1520.2528571428572,Balanced
16,8,8,4,650.775625,0.3191489361702128,16,650.775625,Balanced
18,9,9,5,1141.0416666666667,0.2727272727272727,18,1141.0416666666667,Balanced
17,6,11,3,901.1382352941176,0.4,17,901.1382352941176,Balanced
16,7,9,3,1748.6,0.3673469387755102,16,1748.6,Balanced
20,10,10,5,2019.595,0.23529411764705882,20,2019.595,Balanced
22,11,11,4,771.3718181818182,0.38095238095238093,22,771.3718181818182,Balanced
13,5,8,3,1022.6976923076924,0.5142857142857142,13,1022.6976923076924,Balanced
13,8,5,3,716.7607692307693,0.391304347826087,13,716.7607692307693,Balanced
16,7,9,4,1140.808125,0.35135135135135137,16,1140.808125,Balanced
13,8,5,3,1695.2607692307693,0.4230769230769231,13,1695.2607692307693,Balanced
15,7,8,5,1735.5546666666667,0.23809523809523808,15,1735.5546666666667,Balanced
14,8,6,3,1010.2764285714286,0.45454545454545453,14,1010.2764285714286,Balanced
14,8,6,5,1638.0207142857143,0.28846153846153844,14,1638.0207142857143,Balanced
17,8,9,3,678.5988235294118,0.45161290322580644,17,678.5988235294118,Balanced
14,6,8,3,521.8507142857143,0.4166666666666667,14,521.8507142857143,Balanced
16,10,6,3,1671.029375,0.4,16,1671.029375,Balanced
17,10,7,3,1260.5476470588235,0.4,17,1260.5476470588235,Balanced
16,9,7,3,1697.39625,0.42857142857142855,16,1697.39625,Balanced
10,6,4,3,1385.572,0.4444444444444444,10,1385.572,Balanced
19,12,7,4,1327.818947368421,0.34615384615384615,19,1327.818947368421,Balanced
15,9,6,4,1599.8146666666667,0.375,15,1599.8146666666667,Balanced
20,9,11,3,2147.1595,0.34615384615384615,20,2147.1595,Balanced
22,9,13,5,1693.4495454545454,0.27586206896551724,22,1693.4495454545454,Balanced
13,8,5,3,735.1276923076923,0.4482758620689655,13,735.1276923076923,Balanced
20,9,11,3,1646.8995,0.4482758620689655,20,1646.8995,Balanced
22,9,13,5,996.2618181818182,0.2982456140350877,22,996.2618181818182,Balanced
14,7,7,4,1564.847857142857,0.2962962962962963,14,1564.847857142857,Balanced
16,10,6,5,1807.621875,0.3333333333333333,16,1807.621875,Balanced
21,9,12,4,1304.5185714285715,0.3090909090909091,21,1304.5185714285715,Balanced
22,13,9,3,2134.809090909091,0.4642857142857143,22,2134.809090909091,Balanced
19,11,8,3,1085.1768421052632,0.3673469387755102,19,1085.1768421052632,Balanced
21,11,10,3,2684.5138095238094,0.5294117647058824,21,2684.5138095238094,Balanced
18,6,12,5,1460.8594444444445,0.26153846153846155,18,1460.8594444444445,Balanced
17,10,7,5,1065.469411764706,0.3090909090909091,17,1065.469411764706,Balanced
20,12,8,5,818.8405,0.275,20,818.8405,Balanced
10,6,4,4,1358.075,0.37209302325581395,10,1358.075,Balanced
51,29,22,2,5511.344705882353,0.5423728813559322,51,5511.344705882353,Aggressive
51,26,25,2,1877.1780392156863,0.5463917525773195,51,1877.1780392156863,Aggressive
45,23,22,1,511.5742222222222,1.0,45,511.5742222222222,Aggressive
63,35,28,1,848.8320634920635,1.0,63,848.8320634920635,Aggressive
49,26,23,2,3719.973673469388,0.5443037974683544,49,3719.973673469388,Aggressive
65,28,37,3,4067.812923076923,0.42528735632183906,65,4067.812923076923,Aggressive
65,28,37,3,4298.651692307692,0.3854166666666667,65,4298.651692307692,Aggressive
32,21,11,1,1816.6784375,1.0,32,1816.6784375,Aggressive
41,23,18,3,2717.701463414634,0.44,41,2717.701463414634,Aggressive
41,22,19,1,1464.3651219512194,1.0,41,1464.3651219512194,Aggressive
35,16,19,2,3602.0128571428572,0.5333333333333333,35,3602.0128571428572,Aggressive
33,22,11,3,3157.4630303030303,0.5,33,3157.4630303030303,Aggressive
40,23,17,3,1730.557,0.4,40,1730.557,Aggressive
46,26,20,1,12291.864130434782,1.0,46,12291.864130434782,Aggressive
63,27,36,1,6175.657619047619,1.0,63,6175.657619047619,Aggressive
64,34,30,2,1187.83078125,0.6,64,1187.83078125,Aggressive
34,16,18,3,7312.764411764706,0.44166666666666665,34,7312.764411764706,Aggressive
34,18,16,1,2756.8914705882353,1.0,34,2756.8914705882353,Aggressive
38,19,19,3,2554.898157894737,0.38686131386861317,38,2554.898157894737,Aggressive
64,25,39,1,2316.141875,1.0,64,2316.141875,Aggressive
56,23,33,3,1229.36,0.4262295081967213,56,1229.36,Aggressive
30,18,12,1,5059.028666666667,1.0,30,5059.028666666667,Aggressive
57,28,29,1,2332.0540350877195,1.0,57,2332.0540350877195,Aggressive
54,29,25,3,4674.834259259259,0.4810126582278481,54,4674.834259259259,Aggressive
56,24,32,2,1592.098392857143,0.5588235294117647,56,1592.098392857143,Aggressive
52,27,25,3,2301.9326923076924,0.5348837209302325,52,2301.9326923076924,Aggressive
38,18,20,3,3737.52,0.48717948717948717,38,3737.52,Aggressive
45,26,19,2,1479.6304444444445,0.7375,45,1479.6304444444445,Aggressive
36,13,23,2,4478.793055555556,0.6506024096385542,36,4478.793055555556,Aggressive
55,30,25,1,462.81745454545455,1.0,55,462.81745454545455,Aggressive
36,21,15,1,1454.4486111111112,1.0,36,1454.4486111111112,Aggressive
40,23,17,1,791.6905,1.0,40,791.6905,Aggressive
32,14,18,2,927.865625,0.6438356164383562,32,927.865625,Aggressive
36,19,17,2,7666.191666666667,0.65,36,7666.191666666667,Aggressive
54,27,27,2,7155.406296296296,0.675,54,7155.406296296296,Aggressive
49,28,21,2,1138.2520408163266,0.5480769230769231,49,1138.2520408163266,Aggressive
39,18,21,2,4888.544358974359,0.6119402985074627,39,4888.544358974359,Aggressive
48,28,20,2,2159.572708333333,0.5476190476190477,48,2159.572708333333,Aggressive
38,23,15,3,3531.7873684210526,0.5346534653465347,38,3531.7873684210526,Aggressive
51,28,23,1,2640.4345098039216,1.0,51,2640.4345098039216,Aggressive
36,15,21,1,399.9347222222222,1.0,36,399.9347222222222,Aggressive
45,28,17,1,6367.660222222222,1.0,45,6367.660222222222,Aggressive
62,30,32,3,2333.597580645161,0.4016393442622951,62,2333.597580645161,Aggressive
56,25,31,1,6410.599821428571,1.0,56,6410.599821428571,Aggressive
43,19,24,3,5296.038372093023,0.4444444444444444,43,5296.038372093023,Aggressive
43,24,19,2,2447.1346511627908,0.5714285714285714,43,2447.1346511627908,Aggressive
36,21,15,2,1668.0013888888889,0.631578947368421,36,1668.0013888888889,Aggressive
59,25,34,3,6834.800338983051,0.43617021276595747,59,6834.800338983051,Aggressive
53,24,29,3,2589.631886792453,0.5576923076923077,53,2589.631886792453,Aggressive
36,13,23,2,1896.5941666666668,0.5490196078431373,36,1896.5941666666668,Aggressive
51,27,24,2,2418.274705882353,0.55,51,2418.274705882353,Aggressive
61,32,29,2,4577.113278688525,0.5673076923076923,61,4577.113278688525,Aggressive
53,27,26,2,1919.0479245283018,0.5686274509803921,53,1919.0479245283018,Aggressive
40,18,22,1,7784.453,1.0,40,7784.453,Aggressive
34,19,15,2,1872.475,0.6891891891891891,34,1872.475,Aggressive
60,27,33,1,460.5493333333333,1.0,60,460.5493333333333,Aggressive
51,31,20,2,3587.3629411764705,0.5102040816326531,51,3587.3629411764705,Aggressive
60,34,26,3,4319.341833333333,0.3783783783783784,60,4319.341833333333,Aggressive
53,20,33,1,508.0745283018868,1.0,53,508.0745283018868,Aggressive
65,32,33,2,4520.881076923077,0.5315315315315315,65,4520.881076923077,Aggressive
44,25,19,2,2297.546363636364,0.5569620253164557,44,2297.546363636364,Aggressive
54,31,23,2,7479.01074074074,0.6666666666666666,54,7479.01074074074,Aggressive
42,22,20,1,1505.377380952381,1.0,42,1505.377380952381,Aggressive
49,24,25,3,3820.191224489796,0.39603960396039606,49,3820.191224489796,Aggressive
38,16,22,3,5185.041052631579,0.38666666666666666,38,5185.041052631579,Aggressive
44,27,17,1,7923.9970454545455,1.0,44,7923.9970454545455,Aggressive
59,24,35,1,7371.6177966101695,1.0,59,7371.6177966101695,Aggressive
35,20,15,2,1818.3728571428571,0.6323529411764706,35,1818.3728571428571,Aggressive
46,24,22,2,8984.392173913044,0.5454545454545454,46,8984.392173913044,Aggressive
55,27,28,2,2430.1781818181817,0.6176470588235294,55,2430.1781818181817,Aggressive
54,32,22,3,3022.802037037037,0.4609375,54,3022.802037037037,Aggressive
40,19,21,3,1101.869,0.33707865168539325,40,1101.869,Aggressive
39,19,20,3,1618.3435897435897,0.3448275862068966,39,1618.3435897435897,Aggressive
43,21,22,2,1908.3413953488373,0.6666666666666666,43,1908.3413953488373,Aggressive
50,20,30,3,1512.0058,0.38686131386861317,50,1512.0058,Aggressive
40,14,26,2,1648.6065,0.5645161290322581,40,1648.6065,Aggressive
37,19,18,1,420.3827027027027,1.0,37,420.3827027027027,Aggressive
53,28,25,2,2465.6849056603774,0.5490196078431373,53,2465.6849056603774,Aggressive
54,24,30,1,451.8709259259259,1.0,54,451.8709259259259,Aggressive
44,21,23,3,2080.235,0.4409448818897638,44,2080.235,Aggressive
32,14,18,1,2411.5390625,1.0,32,2411.5390625,Aggressive
47,25,22,2,1934.6731914893617,0.6375,47,1934.6731914893617,Aggressive
45,21,24,2,2042.7217777777778,0.5287356321839081,45,2042.7217777777778,Aggressive
42,18,24,2,1986.5259523809523,0.5555555555555556,42,1986.5259523809523,Aggressive
42,17,25,2,1793.0428571428572,0.6190476190476191,42,1793.0428571428572,Aggressive
49,26,23,1,2346.6038775510206,1.0,49,2346.6038775510206,Aggressive
39,19,20,1,439.005641025641,1.0,39,439.005641025641,Aggressive
41,21,20,1,2297.940975609756,1.0,41,2297.940975609756,Aggressive
64,33,31,3,3483.34171875,0.4148148148148148,64,3483.34171875,Aggressive
55,32,23,1,1591.8705454545454,1.0,55,1591.8705454545454,Aggressive
54,26,28,2,5982.242592592593,0.5538461538461539,54,5982.242592592593,Aggressive
32,16,16,3,1441.6675,0.45038167938931295,32,1441.6675,Aggressive
39,18,21,1,2118.4041025641027,1.0,39,2118.4041025641027,Aggressive
41,25,16,1,11523.89243902439,1.0,41,11523.89243902439,Aggressive
39,16,23,1,2240.871282051282,1.0,39,2240.871282051282,Aggressive
58,32,26,2,3413.403103448276,0.5822784810126582,58,3413.403103448276,Aggressive
60,34,26,2,6521.730666666666,0.7272727272727273,60,6521.730666666666,Aggressive
53,28,25,3,1214.9084905660377,0.5357142857142857,53,1214.9084905660377,Aggressive
59,35,24,1,2399.0359322033896,1.0,59,2399.0359322033896,Aggressive
38,20,18,2,1374.2323684210526,0.6944444444444444,38,1374.2323684210526,Aggressive
59,32,27,1,2120.1859322033897,1.0,59,2120.1859322033897,Aggressive
60,26,34,2,2881.3071666666665,0.6031746031746031,60,2881.3071666666665,Aggressive
32,19,13,3,3992.836875,0.4166666666666667,32,3992.836875,Aggressive
33,17,16,3,3593.1112121212122,0.367816091954023,33,3593.1112121212122,Aggressive
36,21,15,2,5072.143888888889,0.5979381443298969,36,5072.143888888889,Aggressive
61,27,34,3,1554.4009836065575,0.47580645161290325,61,1554.4009836065575,Aggressive
32,19,13,1,7316.2196875,1.0,32,7316.2196875,Aggressive
44,21,23,2,4591.328181818182,0.6923076923076923,44,4591.328181818182,Aggressive
33,24,9,2,2476.7648484848487,0.5714285714285714,33,2476.7648484848487,Aggressive
46,22,24,3,1617.4017391304349,0.4112903225806452,46,1617.4017391304349,Aggressive
59,31,28,1,6095.358474576271,1.0,59,6095.358474576271,Aggressive
34,14,20,1,1834.0029411764706,1.0,34,1834.0029411764706,Aggressive
51,22,29,1,1502.7496078431373,1.0,51,1502.7496078431373,Aggressive
61,27,34,2,3346.3191803278687,0.5357142857142857,61,3346.3191803278687,Aggressive
30,13,17,1,4847.677,1.0,30,4847.677,Aggressive
52,26,26,1,6166.537692307692,1.0,52,6166.537692307692,Aggressive
53,25,28,3,3011.9501886792455,0.4158415841584158,53,3011.9501886792455,Aggressive
33,23,10,3,2158.1936363636364,0.5098039215686274,33,2158.1936363636364,Aggressive
55,24,31,1,6026.1210909090905,1.0,55,6026.1210909090905,Aggressive
39,16,23,3,5648.635128205128,0.3673469387755102,39,5648.635128205128,Aggressive
35,23,12,3,1285.6897142857142,0.4864864864864865,35,1285.6897142857142,Aggressive
31,22,9,1,7210.807419354839,1.0,31,7210.807419354839,Aggressive
33,18,15,3,4576.066363636363,0.5102040816326531,33,4576.066363636363,Aggressive
45,25,20,3,1700.854,0.43119266055045874,45,1700.854,Aggressive
60,30,30,3,7511.580833333333,0.4457831325301205,60,7511.580833333333,Aggressive
62,33,29,2,2731.014677419355,0.5825242718446602,62,2731.014677419355,Aggressive
30,9,21,1,10903.059,1.0,30,10903.059,Aggressive
44,20,24,1,5040.115909090909,1.0,44,5040.115909090909,Aggressive
53,27,26,2,2668.3750943396226,0.6794871794871795,53,2668.3750943396226,Aggressive
59,29,30,2,3589.312033898305,0.6195652173913043,59,3589.312033898305,Aggressive
48,26,22,2,2109.603125,0.6060606060606061,48,2109.603125,Aggressive
65,23,42,2,1894.3412307692308,0.5445544554455446,65,1894.3412307692308,Aggressive
40,20,20,3,7979.35075,0.3712121212121212,40,7979.35075,Aggressive
41,23,18,2,6142.120731707317,0.5,41,6142.120731707317,Aggressive
44,28,16,2,1498.6825,0.5652173913043478,44,1498.6825,Aggressive
60,25,35,2,3264.0081666666665,0.5178571428571429,60,3264.0081666666665,Aggressive
52,27,25,1,6985.141730769231,1.0,52,6985.141730769231,Aggressive
62,31,31,2,2337.2580645161293,0.6547619047619048,62,2337.2580645161293,Aggressive
37,22,15,1,6385.346216216216,1.0,37,6385.346216216216,Aggressive
41,23,18,1,1710.2175609756098,1.0,41,1710.2175609756098,Aggressive
57,26,31,3,3236.213333333333,0.375886524822695,57,3236.213333333333,Aggressive
32,17,15,1,6080.9325,1.0,32,6080.9325,Aggressive
32,16,16,1,1837.14125,1.0,32,1837.14125,Aggressive
60,34,26,2,595.2745,0.5102040816326531,60,595.2745,Aggressive
57,25,32,2,1906.7984210526315,0.6049382716049383,57,1906.7984210526315,Aggressive
50,27,23,1,2621.9546,1.0,50,2621.9546,Aggressive
49,29,20,3,6803.821632653061,0.40714285714285714,49,6803.821632653061,Aggressive
45,24,21,2,4213.838,0.5462962962962963,45,4213.838,Aggressive
39,21,18,3,2469.53,0.5084745762711864,39,2469.53,Aggressive
50,23,27,1,1711.0912,1.0,50,1711.0912,Aggressive
37,22,15,1,1789.0045945945947,1.0,37,1789.0045945945947,Aggressive
52,20,32,3,3594.0226923076925,0.39072847682119205,52,3594.0226923076925,Aggressive
32,15,17,2,1103.686875,0.6268656716417911,32,1103.686875,Aggressive
40,20,20,3,6116.75575,0.42028985507246375,40,6116.75575,Aggressive
31,17,14,2,2639.1451612903224,0.6756756756756757,31,2639.1451612903224,Aggressive
38,18,20,3,2953.827894736842,0.38461538461538464,38,2953.827894736842,Aggressive
33,13,20,2,3257.572121212121,0.631578947368421,33,3257.572121212121,Aggressive
48,24,24,2,6085.526875,0.6046511627906976,48,6085.526875,Aggressive
53,25,28,1,1602.6877358490567,1.0,53,1602.6877358490567,Aggressive
38,22,16,1,2399.08,1.0,38,2399.08,Aggressive
40,21,19,3,5246.669,0.43703703703703706,40,5246.669,Aggressive
46,24,22,3,3140.7952173913045,0.45689655172413796,46,3140.7952173913045,Aggressive
56,30,26,1,10965.648392857143,1.0,56,10965.648392857143,Aggressive
39,21,18,3,2827.3858974358973,0.411214953271028,39,2827.3858974358973,Aggressive
50,25,25,2,2212.283,0.7222222222222222,50,2212.283,Aggressive
31,14,17,3,4371.659032258064,0.41836734693877553,31,4371.659032258064,Aggressive
39,18,21,3,3096.4751282051284,0.3944954128440367,39,3096.4751282051284,Aggressive
61,35,26,2,1652.961475409836,0.5128205128205128,61,1652.961475409836,Aggressive
42,20,22,1,454.2397619047619,1.0,42,454.2397619047619,Aggressive
59,26,33,1,1556.2389830508475,1.0,59,1556.2389830508475,Aggressive
32,15,17,1,2333.9821875,1.0,32,2333.9821875,Aggressive
48,25,23,2,4122.1658333333335,0.6373626373626373,48,4122.1658333333335,Aggressive
31,16,15,2,3396.8103225806453,0.5396825396825397,31,3396.8103225806453,Aggressive
37,15,22,3,3729.8483783783786,0.47413793103448276,37,3729.8483783783786,Aggressive
45,25,20,2,4074.9977777777776,0.5510204081632653,45,4074.9977777777776,Aggressive
53,23,30,1,6527.130566037736,1.0,53,6527.130566037736,Aggressive
39,19,20,1,5982.199230769231,1.0,39,5982.199230769231,Aggressive
40,20,20,1,2195.91575,1.0,40,2195.91575,Aggressive
53,28,25,2,2562.2135849056604,0.6444444444444445,53,2562.2135849056604,Aggressive
54,25,29,2,1863.7524074074074,0.6,54,1863.7524074074074,Aggressive
48,23,25,2,3624.931666666667,0.6363636363636364,48,3624.931666666667,Aggressive
63,31,32,2,634.9292063492063,0.574468085106383,63,634.9292063492063,Aggressive
44,25,19,2,5470.525909090909,0.5609756097560976,44,5470.525909090909,Aggressive
42,23,19,2,5155.815238095238,0.7058823529411765,42,5155.815238095238,Aggressive
37,19,18,2,4386.781081081081,0.6555555555555556,37,4386.781081081081,Aggressive
54,30,24,2,4365.596111111111,0.6986301369863014,54,4365.596111111111,Aggressive
49,26,23,2,5376.670408163265,0.5666666666666667,49,5376.670408163265,Aggressive
34,19,15,1,862.1905882352942,1.0,34,862.1905882352942,Aggressive
47,24,23,1,5248.574893617021,1.0,47,5248.574893617021,Aggressive
63,32,31,3,3815.927142857143,0.3877551020408163,63,3815.927142857143,Aggressive
49,25,24,2,7189.530408163266,0.5348837209302325,49,7189.530408163266,Aggressive
36,11,25,1,6992.434722222222,1.0,36,6992.434722222222,Aggressive
47,20,27,2,2213.182765957447,0.5058823529411764,47,2213.182765957447,Aggressive
53,30,23,2,2234.4564150943397,0.6382978723404256,53,2234.4564150943397,Aggressive
52,24,28,2,1449.9244230769232,0.6582278481012658,52,1449.9244230769232,Aggressive
53,20,33,3,2151.367924528302,0.36065573770491804,53,2151.367924528302,Aggressive
65,22,43,3,3489.568923076923,0.49166666666666664,65,3489.568923076923,Aggressive
48,28,20,3,5609.728958333333,0.36231884057971014,48,5609.728958333333,Aggressive
43,26,17,3,2388.692558139535,0.42105263157894735,43,2388.692558139535,Aggressive
34,15,19,3,2473.525588235294,0.46153846153846156,34,2473.525588235294,Aggressive
46,19,27,1,2137.8084782608694,1.0,46,2137.8084782608694,Anomalous
51,22,29,1,12881.956078431373,1.0,51,12881.956078431373,Anomalous
48,23,25,1,3503.704375,1.0,48,3503.704375,Anomalous
88,39,49,1,3305.9843181818183,1.0,88,3305.9843181818183,Anomalous
74,39,35,1,4606.904324324324,1.0,74,4606.904324324324,Anomalous
64,35,29,1,5084.514375,1.0,64,5084.514375,Anomalous
70,32,38,1,14223.99057142857,1.0,70,14223.99057142857,Anomalous
82,39,43,1,5215.713292682927,1.0,82,5215.713292682927,Anomalous
50,31,19,1,21264.41,1.0,50,21264.41,Anomalous
64,25,39,1,21299.2575,1.0,64,21299.2575,Anomalous
69,29,40,1,2515.146956521739,1.0,69,2515.146956521739,Anomalous
91,48,43,1,21435.894945054944,1.0,91,21435.894945054944,Anomalous
53,24,29,1,15433.71679245283,1.0,53,15433.71679245283,Anomalous
87,47,40,1,16550.57747126437,1.0,87,16550.57747126437,Anomalous
49,23,26,1,2980.9085714285716,1.0,49,2980.9085714285716,Anomalous
76,34,42,1,10239.029605263158,1.0,76,10239.029605263158,Anomalous
49,24,25,1,15196.206938775511,1.0,49,15196.206938775511,Anomalous
76,39,37,1,6427.498815789474,1.0,76,6427.498815789474,Anomalous
72,46,26,1,5637.810138888889,1.0,72,5637.810138888889,Anomalous
87,47,40,1,5480.242413793104,1.0,87,5480.242413793104,Anomalous
90,52,38,1,23875.563777777777,1.0,90,23875.563777777777,Anomalous
70,37,33,1,3505.5254285714286,1.0,70,3505.5254285714286,Anomalous
67,32,35,1,4088.399701492537,1.0,67,4088.399701492537,Anomalous
77,37,40,1,2052.496753246753,1.0,77,2052.496753246753,Anomalous
86,46,40,1,22701.72488372093,1.0,86,22701.72488372093,Anomalous
87,44,43,1,14691.985977011494,1.0,87,14691.985977011494,Anomalous
48,27,21,1,3947.494375,1.0,48,3947.494375,Anomalous
82,42,40,1,5121.241585365854,1.0,82,5121.241585365854,Anomalous
59,31,28,1,12064.40440677966,1.0,59,12064.40440677966,Anomalous
83,37,46,1,4801.259156626506,1.0,83,4801.259156626506,Anomalous
82,34,48,1,10606.730487804878,1.0,82,10606.730487804878,Anomalous
48,28,20,1,1160.6772916666666,1.0,48,1160.6772916666666,Anomalous
78,35,43,1,1234.2562820512821,1.0,78,1234.2562820512821,Anomalous
73,43,30,1,10618.944931506849,1.0,73,10618.944931506849,Anomalous
85,56,29,1,9719.029411764706,1.0,85,9719.029411764706,Anomalous
61,34,27,1,1970.3447540983607,1.0,61,1970.3447540983607,Anomalous
78,40,38,1,3949.5926923076922,1.0,78,3949.5926923076922,Anomalous
86,36,50,1,10194.82476744186,1.0,86,10194.82476744186,Anomalous
76,38,38,1,4533.692105263158,1.0,76,4533.692105263158,Anomalous
72,35,37,1,4215.300972222222,1.0,72,4215.300972222222,Anomalous
52,30,22,1,5944.069423076923,1.0,52,5944.069423076923,Anomalous
52,24,28,1,1885.9203846153846,1.0,52,1885.9203846153846,Anomalous
50,26,24,1,2971.4748,1.0,50,2971.4748,Anomalous
69,34,35,1,6214.003768115942,1.0,69,6214.003768115942,Anomalous
71,41,30,1,5192.100985915493,1.0,71,5192.100985915493,Anomalous
82,42,40,1,3116.4008536585366,1.0,82,3116.4008536585366,Anomalous
66,33,33,1,4985.411212121212,1.0,66,4985.411212121212,Anomalous
89,47,42,1,10528.861011235955,1.0,89,10528.861011235955,Anomalous
72,34,38,1,2154.515138888889,1.0,72,2154.515138888889,Anomalous
82,45,37,1,5335.198292682927,1.0,82,5335.198292682927,Anomalous
51,30,21,1,2825.953725490196,1.0,51,2825.953725490196,Anomalous
50,29,21,1,12154.8064,1.0,50,12154.8064,Anomalous
73,39,34,1,22167.57808219178,1.0,73,22167.57808219178,Anomalous
62,32,30,1,21701.844193548386,1.0,62,21701.844193548386,Anomalous
61,31,30,1,3973.1680327868853,1.0,61,3973.1680327868853,Anomalous
78,38,40,1,4769.208333333333,1.0,78,4769.208333333333,Anomalous
54,20,34,1,5009.077592592593,1.0,54,5009.077592592593,Anomalous
51,25,26,1,1860.4845098039216,1.0,51,1860.4845098039216,Anomalous
65,24,41,1,4863.398307692308,1.0,65,4863.398307692308,Anomalous
85,47,38,1,11930.525058823529,1.0,85,11930.525058823529,Anomalous
84,42,42,1,3261.201666666667,1.0,84,3261.201666666667,Anomalous
88,48,40,1,1057.0610227272728,1.0,88,1057.0610227272728,Anomalous
87,49,38,1,5335.910574712644,1.0,87,5335.910574712644,Anomalous
71,30,41,1,5495.561126760564,1.0,71,5495.561126760564,Anomalous
47,27,20,1,21556.783617021276,1.0,47,21556.783617021276,Anomalous
90,47,43,1,5700.747555555556,1.0,90,5700.747555555556,Anomalous
54,34,20,1,6065.429074074074,1.0,54,6065.429074074074,Anomalous
67,28,39,1,20571.031194029852,1.0,67,20571.031194029852,Anomalous
51,17,34,1,1255.0209803921568,1.0,51,1255.0209803921568,Anomalous
60,34,26,1,1242.2501666666667,1.0,60,1242.2501666666667,Anomalous
84,39,45,1,22521.043214285713,1.0,84,22521.043214285713,Anomalous
90,40,50,1,15455.422,1.0,90,15455.422,Anomalous
51,25,26,1,5045.929019607843,1.0,51,5045.929019607843,Anomalous
46,24,22,1,1232.1371739130434,1.0,46,1232.1371739130434,Anomalous
83,41,42,1,4739.169879518072,1.0,83,4739.169879518072,Anomalous
85,50,35,1,23231.944,1.0,85,23231.944,Anomalous
70,38,32,1,13114.413428571428,1.0,70,13114.413428571428,Anomalous
58,27,31,1,5949.823103448276,1.0,58,5949.823103448276,Anomalous
52,25,27,1,2632.434807692308,1.0,52,2632.434807692308,Anomalous
54,29,25,1,4358.807962962963,1.0,54,4358.807962962963,Anomalous
79,37,42,1,4825.413924050633,1.0,79,4825.413924050633,Anomalous
74,37,37,1,10111.501891891892,1.0,74,10111.501891891892,Anomalous
83,39,44,1,12507.10108433735,1.0,83,12507.10108433735,Anomalous
53,27,26,1,10986.631886792453,1.0,53,10986.631886792453,Anomalous
67,36,31,1,1310.6005970149254,1.0,67,1310.6005970149254,Anomalous
64,31,33,1,10356.73484375,1.0,64,10356.73484375,Anomalous
73,32,41,1,4432.681506849315,1.0,73,4432.681506849315,Anomalous
64,33,31,1,6075.38640625,1.0,64,6075.38640625,Anomalous
61,29,32,1,22581.70442622951,1.0,61,22581.70442622951,Anomalous
50,24,26,1,6522.155,1.0,50,6522.155,Anomalous
59,28,31,1,23542.223220338983,1.0,59,23542.223220338983,Anomalous
86,43,43,1,6415.996162790698,1.0,86,6415.996162790698,Anomalous
55,28,27,1,4849.933636363637,1.0,55,4849.933636363637,Anomalous
58,31,27,1,3780.0370689655174,1.0,58,3780.0370689655174,Anomalous
52,21,31,1,11151.608653846153,1.0,52,11151.608653846153,Anomalous
89,43,46,1,1197.4305617977527,1.0,89,1197.4305617977527,Anomalous
84,44,40,1,14250.646785714285,1.0,84,14250.646785714285,Anomalous
80,43,37,1,23371.806875,1.0,80,23371.806875,Anomalous
49,23,26,1,16183.407959183673,1.0,49,16183.407959183673,Anomalous
62,34,28,1,22252.476290322582,1.0,62,22252.476290322582,Anomalous
53,31,22,1,5216.304339622641,1.0,53,5216.304339622641,Anomalous
74,43,31,1,3121.779864864865,1.0,74,3121.779864864865,Anomalous
50,23,27,1,3625.2178,1.0,50,3625.2178,Anomalous
64,35,29,1,15263.73078125,1.0,64,15263.73078125,Anomalous
63,24,39,1,5907.837936507936,1.0,63,5907.837936507936,Anomalous
64,33,31,1,4642.68671875,1.0,64,4642.68671875,Anomalous
81,47,34,1,4325.2,1.0,81,4325.2,Anomalous
65,34,31,1,21179.34292307692,1.0,65,21179.34292307692,Anomalous
83,43,40,1,4646.30578313253,1.0,83,4646.30578313253,Anomalous
74,46,28,1,3200.106216216216,1.0,74,3200.106216216216,Anomalous
74,44,30,1,1191.595135135135,1.0,74,1191.595135135135,Anomalous
60,30,30,1,5186.814,1.0,60,5186.814,Anomalous
54,30,24,1,3183.682222222222,1.0,54,3183.682222222222,Anomalous
78,37,41,1,23920.201153846156,1.0,78,23920.201153846156,Anomalous
84,45,39,1,3249.2613095238094,1.0,84,3249.2613095238094,Anomalous
49,27,22,1,9557.32,1.0,49,9557.32,Anomalous
78,37,41,1,12374.583717948717,1.0,78,12374.583717948717,Anomalous
47,24,23,1,15381.950425531915,1.0,47,15381.950425531915,Anomalous
50,26,24,1,4779.402,1.0,50,4779.402,Anomalous
73,29,44,1,13072.043835616438,1.0,73,13072.043835616438,Anomalous
58,33,25,1,23856.16448275862,1.0,58,23856.16448275862,Anomalous
90,39,51,1,1906.314111111111,1.0,90,1906.314111111111,Anomalous
91,46,45,1,5761.562417582418,1.0,91,5761.562417582418,Anomalous
66,35,31,1,23060.999848484847,1.0,66,23060.999848484847,Anomalous
48,27,21,1,4274.448125,1.0,48,4274.448125,Anomalous
86,45,41,1,3577.6063953488374,1.0,86,3577.6063953488374,Anomalous
65,31,34,1,3707.7375384615384,1.0,65,3707.7375384615384,Anomalous
63,32,31,1,23855.7626984127,1.0,63,23855.7626984127,Anomalous
57,31,26,1,3444.5780701754384,1.0,57,3444.5780701754384,Anomalous
82,37,45,1,15503.27036585366,1.0,82,15503.27036585366,Anomalous
48,30,18,1,1170.6947916666666,1.0,48,1170.6947916666666,Anomalous
65,34,31,1,5699.532153846154,1.0,65,5699.532153846154,Anomalous
79,32,47,1,12156.897088607595,1.0,79,12156.897088607595,Anomalous
78,36,42,1,12486.401794871796,1.0,78,12486.401794871796,Anomalous
90,48,42,1,5333.848222222222,1.0,90,5333.848222222222,Anomalous
85,36,49,1,22159.72094117647,1.0,85,22159.72094117647,Anomalous
56,23,33,1,13494.440178571429,1.0,56,13494.440178571429,Anomalous
66,42,24,1,2817.609393939394,1.0,66,2817.609393939394,Anomalous
76,45,31,1,14943.567236842106,1.0,76,14943.567236842106,Anomalous
60,36,24,1,2532.0295,1.0,60,2532.0295,Anomalous
49,28,21,1,12487.171428571428,1.0,49,12487.171428571428,Anomalous
52,29,23,1,12424.001538461538,1.0,52,12424.001538461538,Anomalous
50,27,23,1,11308.497,1.0,50,11308.497,Anomalous
87,48,39,1,3510.457471264368,1.0,87,3510.457471264368,Anomalous
57,24,33,1,2729.8156140350875,1.0,57,2729.8156140350875,Anomalous
53,27,26,1,2262.618113207547,1.0,53,2262.618113207547,Anomalous
55,24,31,1,15284.690363636364,1.0,55,15284.690363636364,Anomalous
49,20,29,1,4875.411836734694,1.0,49,4875.411836734694,Anomalous
79,33,46,1,4994.742911392405,1.0,79,4994.742911392405,Anomalous
75,39,36,1,2355.5096,1.0,75,2355.5096,Anomalous
67,27,40,1,20716.61537313433,1.0,67,20716.61537313433,Anomalous
53,30,23,1,13977.32924528302,1.0,53,13977.32924528302,Anomalous
69,29,40,1,1970.061884057971,1.0,69,1970.061884057971,Anomalous
56,18,38,1,4081.5491071428573,1.0,56,4081.5491071428573,Anomalous
87,38,49,1,12257.073908045977,1.0,87,12257.073908045977,Anomalous
73,39,34,1,5249.561095890411,1.0,73,5249.561095890411,Anomalous
76,38,38,1,10659.893684210527,1.0,76,10659.893684210527,Anomalous
67,30,37,1,3219.580895522388,1.0,67,3219.580895522388,Anomalous
60,33,27,1,4801.876666666667,1.0,60,4801.876666666667,Anomalous
57,32,25,1,14585.293157894737,1.0,57,14585.293157894737,Anomalous
56,23,33,1,2348.322857142857,1.0,56,2348.322857142857,Anomalous
75,38,37,1,5054.4008,1.0,75,5054.4008,Anomalous
87,47,40,1,10444.270114942528,1.0,87,10444.270114942528,Anomalous
64,36,28,1,9692.71453125,1.0,64,9692.71453125,Anomalous
91,47,44,1,15137.708021978022,1.0,91,15137.708021978022,Anomalous
72,36,36,1,5810.004166666667,1.0,72,5810.004166666667,Anomalous
85,47,38,1,1130.230705882353,1.0,85,1130.230705882353,Anomalous
52,28,24,1,16990.271153846155,1.0,52,16990.271153846155,Anomalous
64,33,31,1,11975.33203125,1.0,64,11975.33203125,Anomalous
84,37,47,1,23391.51523809524,1.0,84,23391.51523809524,Anomalous
91,37,54,1,4375.670439560439,1.0,91,4375.670439560439,Anomalous
82,47,35,1,1969.6928048780487,1.0,82,1969.6928048780487,Anomalous
74,33,41,1,5539.891351351352,1.0,74,5539.891351351352,Anomalous
79,40,39,1,9721.950759493671,1.0,79,9721.950759493671,Anomalous
74,45,29,1,2983.2327027027027,1.0,74,2983.2327027027027,Anomalous
55,32,23,1,3132.0705454545455,1.0,55,3132.0705454545455,Anomalous
59,31,28,1,16187.101525423728,1.0,59,16187.101525423728,Anomalous
75,30,45,1,3910.4837333333335,1.0,75,3910.4837333333335,Anomalous
70,31,39,1,4907.8941428571425,1.0,70,4907.8941428571425,Anomalous
90,51,39,1,10743.452888888889,1.0,90,10743.452888888889,Anomalous
72,38,34,1,4851.958333333333,1.0,72,4851.958333333333,Anomalous
67,36,31,1,15222.912985074627,1.0,67,15222.912985074627,Anomalous
74,40,34,1,3794.497162162162,1.0,74,3794.497162162162,Anomalous
57,22,35,1,4185.123684210526,1.0,57,4185.123684210526,Anomalous
65,32,33,1,6845.5850769230765,1.0,65,6845.5850769230765,Anomalous
86,43,43,1,2063.323604651163,1.0,86,2063.323604651163,Anomalous
46,30,16,1,4756.323695652174,1.0,46,4756.323695652174,Anomalous
84,40,44,1,22108.38595238095,1.0,84,22108.38595238095,Anomalous
50,20,30,1,4276.9892,1.0,50,4276.9892,Anomalous
50,28,22,1,21992.6976,1.0,50,21992.6976,Anomalous
74,34,40,1,2064.615945945946,1.0,74,2064.615945945946,Anomalous
61,34,27,1,6394.090327868853,1.0,61,6394.090327868853,Anomalous
46,15,31,1,3306.8082608695654,1.0,46,3306.8082608695654,Anomalous
73,41,32,1,1813.920410958904,1.0,73,1813.920410958904,Anomalous
78,37,41,1,4512.34141025641,1.0,78,4512.34141025641,Anomalous
60,34,26,1,10423.741833333333,1.0,60,10423.741833333333,Anomalous
88,44,44,1,5710.866931818182,1.0,88,5710.866931818182,Anomalous
89,50,39,1,4457.556179775281,1.0,89,4457.556179775281,Anomalous
88,43,45,1,3684.9801136363635,1.0,88,3684.9801136363635,Anomalous
74,41,33,1,3703.935810810811,1.0,74,3703.935810810811,Anomalous
